{"id":"6a292add-fab0-424a-8d4b-1f66b461523a","revision":0,"last_node_id":576,"last_link_id":7131,"nodes":[{"id":570,"type":"easy cleanGpuUsed","pos":[-1142.5594879768464,-2054.8177503070015],"size":[211.55775451660156,26],"flags":{"collapsed":true},"order":5,"mode":0,"inputs":[{"localized_name":"anything","name":"anything","type":"*","link":7127}],"outputs":[{"localized_name":"output","name":"output","type":"*","links":null}],"properties":{"cnr_id":"comfyui-easy-use","ver":"1.3.0","Node name for S&R":"easy cleanGpuUsed","ue_properties":{"version":"7.0.1","widget_ue_connectable":{}}},"widgets_values":[],"color":"#222","bgcolor":"#000"},{"id":571,"type":"Image Save","pos":[-490.8928413361953,-2012.752653818555],"size":[832.2919551314449,1228.001375957986],"flags":{},"order":8,"mode":0,"inputs":[{"localized_name":"images","name":"images","type":"IMAGE","link":7130},{"localized_name":"output_path","name":"output_path","type":"STRING","widget":{"name":"output_path"},"link":null},{"localized_name":"filename_prefix","name":"filename_prefix","type":"STRING","widget":{"name":"filename_prefix"},"link":7124},{"localized_name":"filename_delimiter","name":"filename_delimiter","type":"STRING","widget":{"name":"filename_delimiter"},"link":null},{"localized_name":"filename_number_padding","name":"filename_number_padding","type":"INT","widget":{"name":"filename_number_padding"},"link":null},{"localized_name":"filename_number_start","name":"filename_number_start","type":"COMBO","widget":{"name":"filename_number_start"},"link":null},{"localized_name":"extension","name":"extension","type":"COMBO","widget":{"name":"extension"},"link":null},{"localized_name":"dpi","name":"dpi","type":"INT","widget":{"name":"dpi"},"link":null},{"localized_name":"quality","name":"quality","type":"INT","widget":{"name":"quality"},"link":null},{"localized_name":"optimize_image","name":"optimize_image","type":"COMBO","widget":{"name":"optimize_image"},"link":null},{"localized_name":"lossless_webp","name":"lossless_webp","type":"COMBO","widget":{"name":"lossless_webp"},"link":null},{"localized_name":"overwrite_mode","name":"overwrite_mode","type":"COMBO","widget":{"name":"overwrite_mode"},"link":null},{"localized_name":"show_history","name":"show_history","type":"COMBO","widget":{"name":"show_history"},"link":null},{"localized_name":"show_history_by_prefix","name":"show_history_by_prefix","type":"COMBO","widget":{"name":"show_history_by_prefix"},"link":null},{"localized_name":"embed_workflow","name":"embed_workflow","type":"COMBO","widget":{"name":"embed_workflow"},"link":null},{"localized_name":"show_previews","name":"show_previews","type":"COMBO","widget":{"name":"show_previews"},"link":null}],"outputs":[{"localized_name":"images","name":"images","type":"IMAGE","links":[]},{"localized_name":"files","name":"files","type":"STRING","links":null}],"properties":{"cnr_id":"was-node-suite-comfyui","ver":"1.0.2","Node name for S&R":"Image Save","ue_properties":{"version":"7.0.1","widget_ue_connectable":{"filename_prefix":true}}},"widgets_values":["[time(%Y-%m-%d)]","SRPO-Girls","_",4,"false","png",300,100,"true","false","false","false","true","true","true"],"color":"#223","bgcolor":"#335"},{"id":569,"type":"PrimitiveNode","pos":[-486.44448139511815,-2098.3262896156552],"size":[210,58],"flags":{},"order":0,"mode":0,"inputs":[],"outputs":[{"name":"STRING","type":"STRING","widget":{"name":"filename_prefix"},"links":[7124]}],"title":"File Name","properties":{"Run widget replace on values":false,"ue_properties":{"version":"7.0.1","widget_ue_connectable":{}}},"widgets_values":["SRPO-Girls"],"color":"#232","bgcolor":"#353"},{"id":576,"type":"Display Any (rgthree)","pos":[-890.355693767734,-1502.0312649510881],"size":[361.9537222627167,720.8697898702458],"flags":{},"order":7,"mode":0,"inputs":[{"dir":3,"localized_name":"source","name":"source","type":"*","link":7131}],"outputs":[],"properties":{"cnr_id":"rgthree-comfy","ver":"1.0.2511111955","Node name for S&R":"Display Any (rgthree)","ue_properties":{"widget_ue_connectable":{},"input_ue_unconnectable":{},"version":"7.5.1"}},"widgets_values":["This photograph captures a provocative interaction between two women in a softly lit pink-walled room. 1st woman \"moim3m3grl\", on the right side of the image, has light skin, long brown hair in an updo, and is wearing a fitted white tank top paired with a pink cardigan and high-waisted red mini skirt that emphasizes her curvy physique and medium-sized breasts. moim3m3grl also wears black ankle-strap heels, giving a sleek, professional vibe to her outfit. In the blurred background, the room has a light pink hue which contrasts against their darker outfits, and the textures of the wall and floor are smooth, indicative of modern design elements. Overall, the photograph creates a provocative, intimate atmosphere, emphasizing power dynamics through subtle, suggestive details. The women's interaction exudes a sense of dominance and submission.This photograph captures a provocative interaction between two women in a softly lit pink-walled room. 2nd woman \"celestesh\", on the left side of the image, medium skin and long brown hair falling past her shoulders. celestesh is dressed in an all-silk ensemble comprising of a pale blue silk blouse and cream-colored silk slacks that highlight her voluptuous figure. celestesh is gently resting her left hand on the hip of the 1st woman, applying soft pressure while gazing intently into her eyes.  In the blurred background, the room has a light pink hue which contrasts against their darker outfits, and the textures of the wall and floor are smooth, indicative of modern design elements. Overall, the photograph creates a provocative, intimate atmosphere, emphasizing power dynamics through subtle, suggestive details. The women's interaction exudes a sense of dominance and submission."],"color":"#222","bgcolor":"#000"},{"id":575,"type":"CR Upscale Image","pos":[-885.670925109812,-2008.8010501185934],"size":[351.3984789459778,222],"flags":{},"order":6,"mode":0,"inputs":[{"localized_name":"image","name":"image","type":"IMAGE","link":7129},{"localized_name":"upscale_model","name":"upscale_model","type":"COMBO","widget":{"name":"upscale_model"},"link":null},{"localized_name":"mode","name":"mode","type":"COMBO","widget":{"name":"mode"},"link":null},{"localized_name":"rescale_factor","name":"rescale_factor","type":"FLOAT","widget":{"name":"rescale_factor"},"link":null},{"localized_name":"resize_width","name":"resize_width","type":"INT","widget":{"name":"resize_width"},"link":null},{"localized_name":"resampling_method","name":"resampling_method","type":"COMBO","widget":{"name":"resampling_method"},"link":null},{"localized_name":"supersample","name":"supersample","type":"COMBO","widget":{"name":"supersample"},"link":null},{"localized_name":"rounding_modulus","name":"rounding_modulus","type":"INT","widget":{"name":"rounding_modulus"},"link":null}],"outputs":[{"localized_name":"IMAGE","name":"IMAGE","type":"IMAGE","links":[7130]},{"localized_name":"show_help","name":"show_help","type":"STRING","links":null}],"properties":{"cnr_id":"ComfyUI_Comfyroll_CustomNodes","ver":"d78b780ae43fcf8c6b7c6505e6ffb4584281ceca","Node name for S&R":"CR Upscale Image","ue_properties":{"widget_ue_connectable":{},"input_ue_unconnectable":{},"version":"7.3"}},"widgets_values":["4xFaceUpSharpLDAT.pth","rescale",2,1024,"lanczos","true",8],"color":"#223","bgcolor":"#335"},{"id":568,"type":"Note","pos":[-1699.2993554946179,-1857.115970376835],"size":[315.0590643665719,1065.6803050118663],"flags":{"collapsed":false},"order":1,"mode":0,"inputs":[],"outputs":[],"properties":{"ue_properties":{"version":"7.0.1","widget_ue_connectable":{}}},"widgets_values":["This photograph features two women in an indoor setting, presumably an office or a conference room. The woman sitting to the left has light skin, wavy brown hair styled in an updo, and wears a vintage-inspired pink dress with white polka dots and short puffed sleeves. Her outfit is cinched at the waist with a black ribbon, giving it a classic look. She sits on a cream-colored upholstered chair with her legs crossed and hands resting on her lap.\n\nFacing her is another woman with light skin and shoulder-length wavy brown hair. She wears a white blouse with billowy sleeves rolled up to the elbows and black high-waisted trousers. She has a hand extended toward the seated woman, gesturing as she speaks or listens attentively.\n\nThe background features blurred office elements, including a window on the left letting in natural light and potted plants scattered throughout. The lighting is warm, coming from a modern ceiling lamp on the right, casting gentle shadows that enhance the cozy ambiance. A wooden table with various office items occupies the center background. Overall, the image combines vintage and modern elements in a softly lit, warm-toned office environment.\n\n---\n\nfeaturing two women engaged in an interview or meeting in what appears to be an office setting. The woman on the left stands while clasping her hands together in front of her chest, showing an expression of concern or nervousness with her eyes slightly teary and eyebrows raised. She has short blonde hair and wears a sleeveless maroon blouse with a plunging neckline that highlights her cleavage, along with black high-waisted pencil skirt and brown stockings.\n\nThe woman on the right sits at a wooden desk, facing the standing woman while resting her chin on her hand in a supportive or contemplative manner. She has dark brown hair tied back neatly, and is dressed in a professional black blazer over a white shirt.\n\nThe background shows an office setting with a bookshelf filled with various books to the right, and a sign above it that reads \"Professional First\". The room has greyish-blue walls, a large window with blurred greenish-grey blinds in the background. The desk they are using is made of brown wood. The image's overall color palette includes warm browns, maroons, and blacks against cool blue tones. The illustration style uses smooth digital colors and soft shading to create a semi-realistic but slightly animated appearance.\n\n---\n\nis  The woman on the left has light skin, long dark brown hair in an updo, and is wearing a fitted white tank top paired with a pink cardigan and high-waisted red mini skirt that emphasizes her curvy physique and medium-sized breasts. She also wears black ankle-strap heels, giving a sleek, professional vibe to her outfit.\n\nThe woman on the right has medium-dark skin and long straight black hair falling past her shoulders. She is dressed in an all-black ensemble comprising of a button-up shirt and slacks that highlight her slender but shapely figure. She is gently resting her left hand on the face of the woman on the left, applying soft pressure with her fingers while gazing intently into her eyes. This act of intimate interaction exudes a sense of dominance and submission.\n\nIn the blurred background, there are two other women seated at a table, engaged in conversation and adding depth to the scene. The room has a light pink hue which contrasts against their darker outfits, and the textures of the wall and floor are smooth, indicative of modern design elements. Overall, the CGI artwork creates a provocative, intimate atmosphere, emphasizing power dynamics through subtle, suggestive details. \n\n"],"color":"#432","bgcolor":"#653"},{"id":574,"type":"Label (rgthree)","pos":[-1354.1578364087472,-2116.3106421090615],"size":[375.126953125,70],"flags":{"allow_interaction":true},"order":2,"mode":0,"inputs":[],"outputs":[],"title":"Dev - 2 Character LoRAs","properties":{"fontSize":30,"fontFamily":"Arial","fontColor":"#ffffff","textAlign":"center","backgroundColor":"#113398","padding":20,"borderRadius":16,"angle":0,"ue_properties":{"version":"7.1","widget_ue_connectable":{},"input_ue_unconnectable":{}}},"color":"#fff0","bgcolor":"#fff0"},{"id":572,"type":"7b90b761-3eb6-4fea-a398-96d6a2b5e423","pos":[-1358.671667665309,-2009.76923644496],"size":[423.3077642837534,1224.5766109993865],"flags":{},"order":4,"mode":0,"inputs":[{"name":"seed","type":"INT","widget":{"name":"seed"},"link":7128},{"name":"steps","type":"INT","widget":{"name":"steps"},"link":null},{"name":"guidance","type":"FLOAT","widget":{"name":"guidance"},"link":null},{"label":"LoRA-A","name":"lora_name","type":"COMBO","widget":{"name":"lora_name"},"link":null},{"label":"LA-strength_model","name":"strength_model","type":"FLOAT","widget":{"name":"strength_model"},"link":null},{"label":"LAstrength_clip","name":"strength_clip","type":"FLOAT","widget":{"name":"strength_clip"},"link":null},{"label":"LoRA B","name":"lora_name_1","type":"COMBO","widget":{"name":"lora_name_1"},"link":null},{"label":"LBstrength_model","name":"strength_model_1","type":"FLOAT","widget":{"name":"strength_model_1"},"link":null},{"label":"LBstrength_clip","name":"strength_clip_1","type":"FLOAT","widget":{"name":"strength_clip_1"},"link":null},{"label":"Setting","name":"value_1","type":"STRING","widget":{"name":"value_1"},"link":null},{"name":"value","type":"STRING","widget":{"name":"value"},"link":null},{"name":"value_2","type":"STRING","widget":{"name":"value_2"},"link":null},{"name":"value_3","type":"STRING","widget":{"name":"value_3"},"link":null},{"name":"denoise","type":"FLOAT","widget":{"name":"denoise"},"link":null}],"outputs":[{"label":"IMAGE","localized_name":"IMAGE","name":"IMAGE","type":"IMAGE","links":[7127,7129]},{"name":"STRING","type":"STRING","links":[7131]}],"properties":{"proxyWidgets":[["-1","seed"],["-1","steps"],["-1","guidance"],["-1","lora_name"],["-1","strength_model"],["-1","strength_clip"],["-1","lora_name_1"],["-1","strength_model_1"],["-1","strength_clip_1"],["-1","value_1"],["-1","value"],["-1","value_2"],["-1","value_3"],["-1","denoise"]],"cnr_id":"comfy-core","ver":"0.3.51","ue_properties":{"version":"7.0.1","widget_ue_connectable":{"text":true,"steps":true,"sampler_name":true,"scheduler":true,"width":true,"height":true,"batch_size":true}}},"widgets_values":[603308628458591,35,3.5,"MoiMeme/moim3m3grl-12.safetensors",1,0.2,"celestesh-04.safetensors",1,0.2,"This photograph captures a provocative interaction between two women in a softly lit pink-walled room."," 1st woman \"moim3m3grl\", on the right side of the image, has light skin, long brown hair in an updo, and is wearing a fitted white tank top paired with a pink cardigan and high-waisted red mini skirt that emphasizes her curvy physique and medium-sized breasts. moim3m3grl also wears black ankle-strap heels, giving a sleek, professional vibe to her outfit."," 2nd woman \"celestesh\", on the left side of the image, medium skin and long brown hair falling past her shoulders. celestesh is dressed in an all-silk ensemble comprising of a pale blue silk blouse and cream-colored silk slacks that highlight her voluptuous figure. celestesh is gently resting her left hand on the hip of the 1st woman, applying soft pressure while gazing intently into her eyes. "," In the blurred background, the room has a light pink hue which contrasts against their darker outfits, and the textures of the wall and floor are smooth, indicative of modern design elements. Overall, the photograph creates a provocative, intimate atmosphere, emphasizing power dynamics through subtle, suggestive details. The women's interaction exudes a sense of dominance and submission.",1],"color":"#332922","bgcolor":"#593930"},{"id":573,"type":"PrimitiveInt","pos":[-890.4107454072011,-1722.5084118479685],"size":[353.1712747035865,82],"flags":{},"order":3,"mode":0,"inputs":[{"localized_name":"value","name":"value","type":"INT","widget":{"name":"value"},"link":null}],"outputs":[{"localized_name":"INT","name":"INT","type":"INT","links":[7128]}],"title":"Seed","properties":{"cnr_id":"comfy-core","ver":"0.3.51","Node name for S&R":"PrimitiveInt","ue_properties":{"version":"7.0.1","widget_ue_connectable":{"value":true}}},"widgets_values":[55,"increment"],"color":"#323","bgcolor":"#535"}],"links":[[7124,569,0,571,2,"STRING"],[7127,572,0,570,0,"*"],[7128,573,0,572,0,"INT"],[7129,572,0,575,0,"IMAGE"],[7130,575,0,571,0,"IMAGE"],[7131,572,1,576,0,"*"]],"groups":[],"definitions":{"subgraphs":[{"id":"7b90b761-3eb6-4fea-a398-96d6a2b5e423","version":1,"state":{"lastGroupId":1,"lastNodeId":601,"lastLinkId":7240,"lastRerouteId":0},"revision":0,"config":{},"name":"Dev - 2 Character LoRAs","inputNode":{"id":-10,"bounding":[-2260.966670185349,-2047.3891440815066,141.390625,320]},"outputNode":{"id":-20,"bounding":[918.7825893723992,-1293.856826010918,120,80]},"inputs":[{"id":"8f948745-f350-4498-aba2-231500f2195a","name":"seed","type":"INT","linkIds":[7133],"pos":[-2139.576045185349,-2027.3891440815066]},{"id":"2b1ff77a-fe16-4f90-8d64-b1f7e934ef44","name":"steps","type":"INT","linkIds":[7199],"pos":[-2139.576045185349,-2007.3891440815066]},{"id":"90821474-425c-4c53-90e3-600060673de0","name":"guidance","type":"FLOAT","linkIds":[7200],"pos":[-2139.576045185349,-1987.3891440815066]},{"id":"b5baa8e8-74a5-4a2b-8ac8-827597a8e8b6","name":"lora_name","type":"COMBO","linkIds":[7203],"label":"LoRA-A","pos":[-2139.576045185349,-1967.3891440815066]},{"id":"a9c07046-9ed0-45c8-92a7-c8bcb739b8a1","name":"strength_model","type":"FLOAT","linkIds":[7204],"label":"LA-strength_model","pos":[-2139.576045185349,-1947.3891440815066]},{"id":"13a7793d-08c2-4c2e-b242-9da54a0f94b0","name":"strength_clip","type":"FLOAT","linkIds":[7205],"label":"LAstrength_clip","pos":[-2139.576045185349,-1927.3891440815066]},{"id":"a09d1af4-d2a5-49aa-bb72-ffffe73ae45b","name":"lora_name_1","type":"COMBO","linkIds":[7206],"label":"LoRA B","pos":[-2139.576045185349,-1907.3891440815066]},{"id":"ffeca264-1711-4466-ba49-d961450c9305","name":"strength_model_1","type":"FLOAT","linkIds":[7207],"label":"LBstrength_model","pos":[-2139.576045185349,-1887.3891440815066]},{"id":"7efbcdbc-0bca-4f64-b439-4d51b0b226f7","name":"strength_clip_1","type":"FLOAT","linkIds":[7208],"label":"LBstrength_clip","pos":[-2139.576045185349,-1867.3891440815066]},{"id":"6585dd35-686d-4487-a583-1c43a6b375fc","name":"value_1","type":"STRING","linkIds":[7217],"label":"Setting","pos":[-2139.576045185349,-1847.3891440815066]},{"id":"9fbdd5de-6e66-4740-874c-697ff05843a8","name":"value","type":"STRING","linkIds":[7219],"pos":[-2139.576045185349,-1827.3891440815066]},{"id":"54d6bcd6-9f52-4aa3-af07-48cf71252144","name":"value_2","type":"STRING","linkIds":[7222],"pos":[-2139.576045185349,-1807.3891440815066]},{"id":"ad8f9758-dcb1-42c7-bac4-34b4c44f4327","name":"value_3","type":"STRING","linkIds":[7223],"pos":[-2139.576045185349,-1787.3891440815066]},{"id":"80d7076d-71f9-42fa-a059-3c9c8b7d6c50","name":"denoise","type":"FLOAT","linkIds":[7240],"pos":[-2139.576045185349,-1767.3891440815066]}],"outputs":[{"id":"281838d2-a698-4bb4-9ff4-fb94f7529287","name":"IMAGE","type":"IMAGE","linkIds":[7125],"localized_name":"IMAGE","label":"IMAGE","pos":[938.7825893723992,-1273.856826010918]},{"id":"8f295395-4efa-41a0-99a9-58bf05642e7d","name":"STRING","type":"STRING","linkIds":[7238],"pos":[938.7825893723992,-1253.856826010918]}],"widgets":[],"nodes":[{"id":580,"type":"PairConditioningSetPropertiesAndCombine","pos":[-443.0391552842266,-1806.7581505201804],"size":[253.1075886995336,202],"flags":{},"order":12,"mode":0,"inputs":[{"localized_name":"positive","name":"positive","type":"CONDITIONING","link":7163},{"localized_name":"negative","name":"negative","type":"CONDITIONING","link":7164},{"localized_name":"positive_NEW","name":"positive_NEW","type":"CONDITIONING","link":7165},{"localized_name":"negative_NEW","name":"negative_NEW","type":"CONDITIONING","link":7166},{"localized_name":"mask","name":"mask","shape":7,"type":"MASK","link":7202},{"localized_name":"hooks","name":"hooks","shape":7,"type":"HOOKS","link":null},{"localized_name":"timesteps","name":"timesteps","shape":7,"type":"TIMESTEPS_RANGE","link":null},{"localized_name":"strength","name":"strength","type":"FLOAT","widget":{"name":"strength"},"link":null},{"localized_name":"set_cond_area","name":"set_cond_area","type":"COMBO","widget":{"name":"set_cond_area"},"link":null}],"outputs":[{"localized_name":"positive","name":"positive","type":"CONDITIONING","slot_index":0,"links":[7182]},{"localized_name":"negative","name":"negative","type":"CONDITIONING","slot_index":1,"links":[7190]}],"properties":{"cnr_id":"comfy-core","ver":"0.3.10","Node name for S&R":"PairConditioningSetPropertiesAndCombine","ue_properties":{"widget_ue_connectable":{},"version":"7.3","input_ue_unconnectable":{}}},"widgets_values":[1,"default"],"color":"#332922","bgcolor":"#593930"},{"id":566,"type":"FluxGuidance","pos":[-126.74031594454136,-1806.87580847296],"size":[237.6147003173828,58],"flags":{"collapsed":false},"order":6,"mode":0,"inputs":[{"localized_name":"conditioning","name":"conditioning","type":"CONDITIONING","link":7182},{"localized_name":"guidance","name":"guidance","type":"FLOAT","widget":{"name":"guidance"},"link":7200}],"outputs":[{"localized_name":"CONDITIONING","name":"CONDITIONING","type":"CONDITIONING","links":[7118]}],"properties":{"cnr_id":"comfy-core","ver":"0.3.59","Node name for S&R":"FluxGuidance","ue_properties":{"version":"7.0.1","widget_ue_connectable":{"guidance":true}}},"widgets_values":[3.5],"color":"#323","bgcolor":"#535"},{"id":592,"type":"PrimitiveStringMultiline","pos":[-2021.406430105481,-1504.8071413476728],"size":[423.36625996542625,126.78571877499803],"flags":{},"order":17,"mode":0,"inputs":[{"localized_name":"value","name":"value","type":"STRING","widget":{"name":"value"},"link":7219}],"outputs":[{"localized_name":"STRING","name":"STRING","type":"STRING","links":[7232]}],"title":"1st Woman","properties":{"cnr_id":"comfy-core","ver":"0.3.66","Node name for S&R":"PrimitiveStringMultiline","ue_properties":{"widget_ue_connectable":{},"input_ue_unconnectable":{}}},"widgets_values":[" 1st woman \"moim3m3grl\", on the right side of the image, has light skin, long brown hair in an updo, and is wearing a fitted white tank top paired with a pink cardigan and high-waisted red mini skirt that emphasizes her curvy physique and medium-sized breasts. moim3m3grl also wears black ankle-strap heels, giving a sleek, professional vibe to her outfit."],"color":"#232","bgcolor":"#353"},{"id":594,"type":"PrimitiveStringMultiline","pos":[-2025.4332155728493,-1042.046151485729],"size":[424.308699117365,173.90767637194074],"flags":{},"order":19,"mode":0,"inputs":[{"localized_name":"value","name":"value","type":"STRING","widget":{"name":"value"},"link":7223}],"outputs":[{"localized_name":"STRING","name":"STRING","type":"STRING","links":[7214,7226]}],"properties":{"cnr_id":"comfy-core","ver":"0.3.66","Node name for S&R":"PrimitiveStringMultiline","ue_properties":{"widget_ue_connectable":{},"input_ue_unconnectable":{}}},"widgets_values":[" In the blurred background, the room has a light pink hue which contrasts against their darker outfits, and the textures of the wall and floor are smooth, indicative of modern design elements. Overall, the photograph creates a provocative, intimate atmosphere, emphasizing power dynamics through subtle, suggestive details. The women's interaction exudes a sense of dominance and submission."],"color":"#232","bgcolor":"#353"},{"id":599,"type":"PrimitiveStringMultiline","pos":[-2029.2029721806102,-1276.7135003185035],"size":[423.36625996542625,126.78571877499803],"flags":{},"order":24,"mode":0,"inputs":[{"localized_name":"value","name":"value","type":"STRING","widget":{"name":"value"},"link":7222}],"outputs":[{"localized_name":"STRING","name":"STRING","type":"STRING","links":[7234]}],"title":"2nd Woman","properties":{"cnr_id":"comfy-core","ver":"0.3.66","Node name for S&R":"PrimitiveStringMultiline","ue_properties":{"widget_ue_connectable":{},"input_ue_unconnectable":{}}},"widgets_values":[" 2nd woman \"celestesh\", on the left side of the image, medium skin and long brown hair falling past her shoulders. celestesh is dressed in an all-silk ensemble comprising of a pale blue silk blouse and cream-colored silk slacks that highlight her voluptuous figure. celestesh is gently resting her left hand on the hip of the 1st woman, applying soft pressure while gazing intently into her eyes. "],"color":"#232","bgcolor":"#353"},{"id":591,"type":"5233f690-be27-44b2-b5a4-c023e7dd43f4","pos":[-723.5174085000656,-1545.8333414835884],"size":[165.3117426438589,46],"flags":{},"order":0,"mode":0,"inputs":[],"outputs":[{"label":"MASK 1","localized_name":"MASK","name":"MASK","type":"MASK","links":[7201]},{"label":"INVERT MASK","localized_name":"MASK_1","name":"MASK_1","type":"MASK","links":[7202]}],"properties":{"proxyWidgets":[],"cnr_id":"comfy-core","ver":"0.3.66","ue_properties":{"widget_ue_connectable":{},"input_ue_unconnectable":{}}},"widgets_values":[],"color":"#332922","bgcolor":"#593930"},{"id":118,"type":"ModelSamplingFlux","pos":[-721.5826843569581,-2109.8776560217343],"size":[240,130],"flags":{},"order":3,"mode":0,"inputs":[{"label":"model","localized_name":"model","name":"model","type":"MODEL","link":7191},{"localized_name":"max_shift","name":"max_shift","type":"FLOAT","widget":{"name":"max_shift"},"link":null},{"localized_name":"base_shift","name":"base_shift","type":"FLOAT","widget":{"name":"base_shift"},"link":null},{"label":"width","localized_name":"width","name":"width","type":"INT","widget":{"name":"width"},"link":693},{"label":"height","localized_name":"height","name":"height","type":"INT","widget":{"name":"height"},"link":694}],"outputs":[{"label":"MODEL","localized_name":"MODEL","name":"MODEL","type":"MODEL","slot_index":0,"links":[7184]}],"properties":{"cnr_id":"comfy-core","ver":"0.3.57","Node name for S&R":"ModelSamplingFlux","ue_properties":{"widget_ue_connectable":{"width":true,"height":true},"version":"7.1","input_ue_unconnectable":{}}},"widgets_values":[1.15,0.5,768,1024],"color":"#323","bgcolor":"#535"},{"id":584,"type":"CLIPTextEncode","pos":[-996.233448976511,-1808.9710988064035],"size":[210,88],"flags":{},"order":14,"mode":0,"inputs":[{"localized_name":"clip","name":"clip","type":"CLIP","link":7170},{"localized_name":"text","name":"text","type":"STRING","widget":{"name":"text"},"link":7215}],"outputs":[{"localized_name":"CONDITIONING","name":"CONDITIONING","type":"CONDITIONING","slot_index":0,"links":[7168]}],"title":"Left Character Prompt","properties":{"cnr_id":"comfy-core","ver":"0.3.10","Node name for S&R":"CLIPTextEncode","ue_properties":{"widget_ue_connectable":{},"version":"7.3","input_ue_unconnectable":{}}},"widgets_values":["\n\n"],"color":"#232","bgcolor":"#353"},{"id":579,"type":"CLIPTextEncode","pos":[-1000.9456447362052,-1683.969311722411],"size":[210.2994140625,149.7961835985834],"flags":{"collapsed":true},"order":11,"mode":0,"inputs":[{"localized_name":"clip","name":"clip","type":"CLIP","link":7180},{"localized_name":"text","name":"text","type":"STRING","widget":{"name":"text"},"link":null}],"outputs":[{"localized_name":"CONDITIONING","name":"CONDITIONING","type":"CONDITIONING","slot_index":0,"links":[7169]}],"properties":{"cnr_id":"comfy-core","ver":"0.3.10","Node name for S&R":"CLIPTextEncode","ue_properties":{"widget_ue_connectable":{},"version":"7.3","input_ue_unconnectable":{}}},"widgets_values":[""],"color":"#322","bgcolor":"#533"},{"id":585,"type":"CLIPTextEncode","pos":[-992.7853962695,-1609.821695727048],"size":[210,88],"flags":{},"order":15,"mode":0,"inputs":[{"localized_name":"clip","name":"clip","type":"CLIP","link":7171},{"localized_name":"text","name":"text","type":"STRING","widget":{"name":"text"},"link":7228}],"outputs":[{"localized_name":"CONDITIONING","name":"CONDITIONING","type":"CONDITIONING","slot_index":0,"links":[7165]}],"title":"Right Character Prompt","properties":{"cnr_id":"comfy-core","ver":"0.3.10","Node name for S&R":"CLIPTextEncode","ue_properties":{"widget_ue_connectable":{},"version":"7.3","input_ue_unconnectable":{}}},"widgets_values":["\n"],"color":"#232","bgcolor":"#353"},{"id":586,"type":"CLIPTextEncode","pos":[-990.7396969773092,-1457.709794946208],"size":[383.80980692116646,91.99723748699557],"flags":{"collapsed":true},"order":16,"mode":0,"inputs":[{"localized_name":"clip","name":"clip","type":"CLIP","link":7172},{"localized_name":"text","name":"text","type":"STRING","widget":{"name":"text"},"link":null}],"outputs":[{"localized_name":"CONDITIONING","name":"CONDITIONING","type":"CONDITIONING","slot_index":0,"links":[7166]}],"properties":{"cnr_id":"comfy-core","ver":"0.3.10","Node name for S&R":"CLIPTextEncode","ue_properties":{"widget_ue_connectable":{},"version":"7.3","input_ue_unconnectable":{}}},"widgets_values":[""],"color":"#322","bgcolor":"#533"},{"id":582,"type":"PairConditioningSetProperties","pos":[-725.1040962680624,-1807.0399464285572],"size":[221.53496013829522,204.7716323716108],"flags":{},"order":13,"mode":0,"inputs":[{"localized_name":"positive_NEW","name":"positive_NEW","type":"CONDITIONING","link":7168},{"localized_name":"negative_NEW","name":"negative_NEW","type":"CONDITIONING","link":7169},{"localized_name":"mask","name":"mask","shape":7,"type":"MASK","link":7201},{"localized_name":"hooks","name":"hooks","shape":7,"type":"HOOKS","link":null},{"localized_name":"timesteps","name":"timesteps","shape":7,"type":"TIMESTEPS_RANGE","link":null},{"localized_name":"strength","name":"strength","type":"FLOAT","widget":{"name":"strength"},"link":null},{"localized_name":"set_cond_area","name":"set_cond_area","type":"COMBO","widget":{"name":"set_cond_area"},"link":null}],"outputs":[{"localized_name":"positive","name":"positive","type":"CONDITIONING","slot_index":0,"links":[7163]},{"localized_name":"negative","name":"negative","type":"CONDITIONING","slot_index":1,"links":[7164]}],"properties":{"cnr_id":"comfy-core","ver":"0.3.10","Node name for S&R":"PairConditioningSetProperties","ue_properties":{"widget_ue_connectable":{},"version":"7.3","input_ue_unconnectable":{}}},"widgets_values":[1,"default"],"color":"#332922","bgcolor":"#593930"},{"id":587,"type":"5df7a127-1413-4d9a-9fc4-6b0a08ee21a7","pos":[-2077.5808552989806,-2124.0528312548636],"size":[215.59200717521935,77.19881587781015],"flags":{},"order":1,"mode":0,"inputs":[],"outputs":[{"name":"MODEL","type":"MODEL","links":[7191]},{"name":"CLIP","type":"CLIP","links":[7192,7193]},{"name":"VAE","type":"VAE","links":[7194]}],"properties":{"proxyWidgets":[],"cnr_id":"comfy-core","ver":"0.3.66","ue_properties":{"widget_ue_connectable":{},"input_ue_unconnectable":{}}},"widgets_values":[],"color":"#432","bgcolor":"#653"},{"id":593,"type":"PrimitiveStringMultiline","pos":[-2025.4332155728553,-1708.3506319065],"size":[423.36625996542625,126.78571877499803],"flags":{},"order":18,"mode":0,"inputs":[{"localized_name":"value","name":"value","type":"STRING","widget":{"name":"value"},"link":7217}],"outputs":[{"localized_name":"STRING","name":"STRING","type":"STRING","links":[7233,7235]}],"title":"Setting","properties":{"cnr_id":"comfy-core","ver":"0.3.66","Node name for S&R":"PrimitiveStringMultiline","ue_properties":{"widget_ue_connectable":{},"input_ue_unconnectable":{}}},"widgets_values":["This photograph captures a provocative interaction between two women in a softly lit pink-walled room."],"color":"#232","bgcolor":"#353"},{"id":595,"type":"StringConcatenate","pos":[-1541.5597233471403,-1537.2944618855315],"size":[210,166],"flags":{"collapsed":false},"order":20,"mode":0,"inputs":[{"localized_name":"string_a","name":"string_a","type":"STRING","widget":{"name":"string_a"},"link":7233},{"localized_name":"string_b","name":"string_b","type":"STRING","widget":{"name":"string_b"},"link":7232},{"localized_name":"delimiter","name":"delimiter","type":"STRING","widget":{"name":"delimiter"},"link":null}],"outputs":[{"localized_name":"STRING","name":"STRING","type":"STRING","links":[7213]}],"properties":{"cnr_id":"comfy-core","ver":"0.3.66","Node name for S&R":"StringConcatenate","ue_properties":{"widget_ue_connectable":{},"input_ue_unconnectable":{}}},"widgets_values":["","",""],"color":"#222","bgcolor":"#000"},{"id":597,"type":"StringConcatenate","pos":[-1546.573605529703,-1298.2111697228531],"size":[210,166],"flags":{"collapsed":false},"order":22,"mode":0,"inputs":[{"localized_name":"string_a","name":"string_a","type":"STRING","widget":{"name":"string_a"},"link":7235},{"localized_name":"string_b","name":"string_b","type":"STRING","widget":{"name":"string_b"},"link":7234},{"localized_name":"delimiter","name":"delimiter","type":"STRING","widget":{"name":"delimiter"},"link":null}],"outputs":[{"localized_name":"STRING","name":"STRING","type":"STRING","links":[7220]}],"properties":{"cnr_id":"comfy-core","ver":"0.3.66","Node name for S&R":"StringConcatenate","ue_properties":{"widget_ue_connectable":{},"input_ue_unconnectable":{}}},"widgets_values":["","",""],"color":"#222","bgcolor":"#000"},{"id":596,"type":"StringConcatenate","pos":[-1284.6935284026138,-1564.2229900106786],"size":[210,166],"flags":{"collapsed":false},"order":21,"mode":0,"inputs":[{"localized_name":"string_a","name":"string_a","type":"STRING","widget":{"name":"string_a"},"link":7213},{"localized_name":"string_b","name":"string_b","type":"STRING","widget":{"name":"string_b"},"link":7214},{"localized_name":"delimiter","name":"delimiter","type":"STRING","widget":{"name":"delimiter"},"link":null}],"outputs":[{"localized_name":"STRING","name":"STRING","type":"STRING","links":[7215,7236]}],"properties":{"cnr_id":"comfy-core","ver":"0.3.66","Node name for S&R":"StringConcatenate","ue_properties":{"widget_ue_connectable":{},"input_ue_unconnectable":{}}},"widgets_values":["","",""],"color":"#222","bgcolor":"#000"},{"id":598,"type":"StringConcatenate","pos":[-1287.9229912153935,-1319.8270939355832],"size":[210,166],"flags":{"collapsed":false},"order":23,"mode":0,"inputs":[{"localized_name":"string_a","name":"string_a","type":"STRING","widget":{"name":"string_a"},"link":7220},{"localized_name":"string_b","name":"string_b","type":"STRING","widget":{"name":"string_b"},"link":7226},{"localized_name":"delimiter","name":"delimiter","type":"STRING","widget":{"name":"delimiter"},"link":null}],"outputs":[{"localized_name":"STRING","name":"STRING","type":"STRING","links":[7228,7237]}],"properties":{"cnr_id":"comfy-core","ver":"0.3.66","Node name for S&R":"StringConcatenate","ue_properties":{"widget_ue_connectable":{},"input_ue_unconnectable":{}}},"widgets_values":["","",""],"color":"#222","bgcolor":"#000"},{"id":600,"type":"StringConcatenate","pos":[-128.56148903958652,-1259.347822256705],"size":[210,166],"flags":{"collapsed":false},"order":25,"mode":0,"inputs":[{"localized_name":"string_a","name":"string_a","type":"STRING","widget":{"name":"string_a"},"link":7236},{"localized_name":"string_b","name":"string_b","type":"STRING","widget":{"name":"string_b"},"link":7237},{"localized_name":"delimiter","name":"delimiter","type":"STRING","widget":{"name":"delimiter"},"link":null}],"outputs":[{"localized_name":"STRING","name":"STRING","type":"STRING","links":[7238]}],"properties":{"cnr_id":"comfy-core","ver":"0.3.66","Node name for S&R":"StringConcatenate","ue_properties":{"widget_ue_connectable":{},"input_ue_unconnectable":{}}},"widgets_values":["","",""],"color":"#222","bgcolor":"#000"},{"id":52,"type":"VAEDecode","pos":[534.6127419586522,-2056.5592177121666],"size":[171.06282711231097,46],"flags":{"collapsed":true},"order":4,"mode":0,"inputs":[{"label":"samples","localized_name":"samples","name":"samples","type":"LATENT","link":198},{"label":"vae","localized_name":"vae","name":"vae","type":"VAE","link":7194}],"outputs":[{"label":"IMAGE","localized_name":"IMAGE","name":"IMAGE","type":"IMAGE","slot_index":0,"links":[7125]}],"properties":{"cnr_id":"comfy-core","ver":"0.3.57","Node name for S&R":"VAEDecode","ue_properties":{"widget_ue_connectable":{},"version":"7.1","input_ue_unconnectable":{}}},"widgets_values":[],"color":"#432","bgcolor":"#653"},{"id":576,"type":"SetClipHooks","pos":[-985.384744609811,-1028.793613911901],"size":[210,102],"flags":{},"order":8,"mode":0,"inputs":[{"localized_name":"clip","name":"clip","type":"CLIP","link":7193},{"localized_name":"hooks","name":"hooks","shape":7,"type":"HOOKS","link":7161},{"localized_name":"apply_to_conds","name":"apply_to_conds","type":"BOOLEAN","widget":{"name":"apply_to_conds"},"link":null},{"localized_name":"schedule_clip","name":"schedule_clip","type":"BOOLEAN","widget":{"name":"schedule_clip"},"link":null}],"outputs":[{"localized_name":"CLIP","name":"CLIP","type":"CLIP","slot_index":0,"links":[7171,7172]}],"properties":{"cnr_id":"comfy-core","ver":"0.3.10","Node name for S&R":"SetClipHooks","ue_properties":{"widget_ue_connectable":{},"version":"7.3","input_ue_unconnectable":{}}},"widgets_values":[true,false],"color":"#332922","bgcolor":"#593930"},{"id":578,"type":"CreateHookLora","pos":[-1914.2271147870167,-1868.6464742630849],"size":[210,106],"flags":{},"order":10,"mode":0,"inputs":[{"localized_name":"prev_hooks","name":"prev_hooks","shape":7,"type":"HOOKS","link":null},{"localized_name":"lora_name","name":"lora_name","type":"COMBO","widget":{"name":"lora_name"},"link":7203},{"localized_name":"strength_model","name":"strength_model","type":"FLOAT","widget":{"name":"strength_model"},"link":7204},{"localized_name":"strength_clip","name":"strength_clip","type":"FLOAT","widget":{"name":"strength_clip"},"link":7205}],"outputs":[{"localized_name":"HOOKS","name":"HOOKS","type":"HOOKS","slot_index":0,"links":[7160]}],"properties":{"cnr_id":"comfy-core","ver":"0.3.10","Node name for S&R":"CreateHookLora","ue_properties":{"widget_ue_connectable":{},"version":"7.3","input_ue_unconnectable":{}}},"widgets_values":["MoiMeme/moim3m3grl-12.safetensors",1,0.2],"color":"#332922","bgcolor":"#593930"},{"id":575,"type":"SetClipHooks","pos":[-1521.9900814486518,-1872.150127006847],"size":[210,102],"flags":{},"order":7,"mode":0,"inputs":[{"localized_name":"clip","name":"clip","type":"CLIP","link":7192},{"localized_name":"hooks","name":"hooks","shape":7,"type":"HOOKS","link":7160},{"localized_name":"apply_to_conds","name":"apply_to_conds","type":"BOOLEAN","widget":{"name":"apply_to_conds"},"link":null},{"localized_name":"schedule_clip","name":"schedule_clip","type":"BOOLEAN","widget":{"name":"schedule_clip"},"link":null}],"outputs":[{"localized_name":"CLIP","name":"CLIP","type":"CLIP","slot_index":0,"links":[7170,7180]}],"properties":{"cnr_id":"comfy-core","ver":"0.3.10","Node name for S&R":"SetClipHooks","ue_properties":{"widget_ue_connectable":{},"version":"7.3","input_ue_unconnectable":{}}},"widgets_values":[true,false],"color":"#332922","bgcolor":"#593930"},{"id":525,"type":"Empty Latent by Size (WLSH)","pos":[-1177.9345935475635,-2058.3788642459253],"size":[253.75342581943937,146],"flags":{},"order":2,"mode":0,"inputs":[{"localized_name":"width","name":"width","type":"INT","widget":{"name":"width"},"link":null},{"localized_name":"height","name":"height","type":"INT","widget":{"name":"height"},"link":null},{"localized_name":"batch_size","name":"batch_size","type":"INT","widget":{"name":"batch_size"},"link":null}],"outputs":[{"localized_name":"latent","name":"latent","type":"LATENT","links":[692]},{"localized_name":"width","name":"width","type":"INT","links":[693]},{"localized_name":"height","name":"height","type":"INT","links":[694]}],"properties":{"cnr_id":"wlsh","ver":"97807467bf7ff4ea01d529fcd6e666758f34e3c1","Node name for S&R":"Empty Latent by Size (WLSH)","ue_properties":{"widget_ue_connectable":{"width":true,"height":true,"batch_size":true},"version":"7.1","input_ue_unconnectable":{}}},"widgets_values":[832,1216,1],"color":"#323","bgcolor":"#535"},{"id":110,"type":"KSampler","pos":[180.4852112077757,-2105.9273669813206],"size":[295.87038816003815,568.652524858277],"flags":{},"order":5,"mode":0,"inputs":[{"label":"model","localized_name":"model","name":"model","type":"MODEL","link":7184},{"label":"positive","localized_name":"positive","name":"positive","type":"CONDITIONING","link":7118},{"label":"negative","localized_name":"negative","name":"negative","type":"CONDITIONING","link":7190},{"label":"latent_image","localized_name":"latent_image","name":"latent_image","type":"LATENT","link":692},{"label":"seed","localized_name":"seed","name":"seed","type":"INT","widget":{"name":"seed"},"link":7133},{"localized_name":"steps","name":"steps","type":"INT","widget":{"name":"steps"},"link":7199},{"localized_name":"cfg","name":"cfg","type":"FLOAT","widget":{"name":"cfg"},"link":null},{"localized_name":"sampler_name","name":"sampler_name","type":"COMBO","widget":{"name":"sampler_name"},"link":null},{"localized_name":"scheduler","name":"scheduler","type":"COMBO","widget":{"name":"scheduler"},"link":null},{"localized_name":"denoise","name":"denoise","type":"FLOAT","widget":{"name":"denoise"},"link":7240}],"outputs":[{"label":"LATENT","localized_name":"LATENT","name":"LATENT","type":"LATENT","slot_index":0,"links":[198]}],"properties":{"cnr_id":"comfy-core","ver":"0.3.57","Node name for S&R":"KSampler","ue_properties":{"widget_ue_connectable":{"seed":true},"version":"7.1","input_ue_unconnectable":{}}},"widgets_values":[603308628458591,"fixed",35,1,"dpmpp_2m","sgm_uniform",1],"color":"#2a363b","bgcolor":"#3f5159"},{"id":577,"type":"CreateHookLora","pos":[-1280.1973592292982,-1026.6839641063304],"size":[210,106],"flags":{},"order":9,"mode":0,"inputs":[{"localized_name":"prev_hooks","name":"prev_hooks","shape":7,"type":"HOOKS","link":null},{"localized_name":"lora_name","name":"lora_name","type":"COMBO","widget":{"name":"lora_name"},"link":7206},{"localized_name":"strength_model","name":"strength_model","type":"FLOAT","widget":{"name":"strength_model"},"link":7207},{"localized_name":"strength_clip","name":"strength_clip","type":"FLOAT","widget":{"name":"strength_clip"},"link":7208}],"outputs":[{"localized_name":"HOOKS","name":"HOOKS","type":"HOOKS","slot_index":0,"links":[7161]}],"properties":{"cnr_id":"comfy-core","ver":"0.3.10","Node name for S&R":"CreateHookLora","ue_properties":{"widget_ue_connectable":{},"version":"7.3","input_ue_unconnectable":{}}},"widgets_values":["celestesh-04.safetensors",1,0.2],"color":"#332922","bgcolor":"#593930"}],"groups":[],"links":[{"id":693,"origin_id":525,"origin_slot":1,"target_id":118,"target_slot":3,"type":"INT"},{"id":694,"origin_id":525,"origin_slot":2,"target_id":118,"target_slot":4,"type":"INT"},{"id":7118,"origin_id":566,"origin_slot":0,"target_id":110,"target_slot":1,"type":"CONDITIONING"},{"id":692,"origin_id":525,"origin_slot":0,"target_id":110,"target_slot":3,"type":"LATENT"},{"id":198,"origin_id":110,"origin_slot":0,"target_id":52,"target_slot":0,"type":"LATENT"},{"id":7125,"origin_id":52,"origin_slot":0,"target_id":-20,"target_slot":0,"type":"IMAGE"},{"id":7133,"origin_id":-10,"origin_slot":0,"target_id":110,"target_slot":4,"type":"INT"},{"id":7160,"origin_id":578,"origin_slot":0,"target_id":575,"target_slot":1,"type":"HOOKS"},{"id":7161,"origin_id":577,"origin_slot":0,"target_id":576,"target_slot":1,"type":"HOOKS"},{"id":7163,"origin_id":582,"origin_slot":0,"target_id":580,"target_slot":0,"type":"CONDITIONING"},{"id":7164,"origin_id":582,"origin_slot":1,"target_id":580,"target_slot":1,"type":"CONDITIONING"},{"id":7165,"origin_id":585,"origin_slot":0,"target_id":580,"target_slot":2,"type":"CONDITIONING"},{"id":7166,"origin_id":586,"origin_slot":0,"target_id":580,"target_slot":3,"type":"CONDITIONING"},{"id":7168,"origin_id":584,"origin_slot":0,"target_id":582,"target_slot":0,"type":"CONDITIONING"},{"id":7169,"origin_id":579,"origin_slot":0,"target_id":582,"target_slot":1,"type":"CONDITIONING"},{"id":7170,"origin_id":575,"origin_slot":0,"target_id":584,"target_slot":0,"type":"CLIP"},{"id":7171,"origin_id":576,"origin_slot":0,"target_id":585,"target_slot":0,"type":"CLIP"},{"id":7172,"origin_id":576,"origin_slot":0,"target_id":586,"target_slot":0,"type":"CLIP"},{"id":7180,"origin_id":575,"origin_slot":0,"target_id":579,"target_slot":0,"type":"CLIP"},{"id":7182,"origin_id":580,"origin_slot":0,"target_id":566,"target_slot":0,"type":"CONDITIONING"},{"id":7184,"origin_id":118,"origin_slot":0,"target_id":110,"target_slot":0,"type":"MODEL"},{"id":7190,"origin_id":580,"origin_slot":1,"target_id":110,"target_slot":2,"type":"CONDITIONING"},{"id":7191,"origin_id":587,"origin_slot":0,"target_id":118,"target_slot":0,"type":"MODEL"},{"id":7192,"origin_id":587,"origin_slot":1,"target_id":575,"target_slot":0,"type":"CLIP"},{"id":7193,"origin_id":587,"origin_slot":1,"target_id":576,"target_slot":0,"type":"CLIP"},{"id":7194,"origin_id":587,"origin_slot":2,"target_id":52,"target_slot":1,"type":"VAE"},{"id":7199,"origin_id":-10,"origin_slot":1,"target_id":110,"target_slot":5,"type":"INT"},{"id":7200,"origin_id":-10,"origin_slot":2,"target_id":566,"target_slot":1,"type":"FLOAT"},{"id":7201,"origin_id":591,"origin_slot":0,"target_id":582,"target_slot":2,"type":"MASK"},{"id":7202,"origin_id":591,"origin_slot":1,"target_id":580,"target_slot":4,"type":"MASK"},{"id":7203,"origin_id":-10,"origin_slot":3,"target_id":578,"target_slot":1,"type":"COMBO"},{"id":7204,"origin_id":-10,"origin_slot":4,"target_id":578,"target_slot":2,"type":"FLOAT"},{"id":7205,"origin_id":-10,"origin_slot":5,"target_id":578,"target_slot":3,"type":"FLOAT"},{"id":7206,"origin_id":-10,"origin_slot":6,"target_id":577,"target_slot":1,"type":"COMBO"},{"id":7207,"origin_id":-10,"origin_slot":7,"target_id":577,"target_slot":2,"type":"FLOAT"},{"id":7208,"origin_id":-10,"origin_slot":8,"target_id":577,"target_slot":3,"type":"FLOAT"},{"id":7213,"origin_id":595,"origin_slot":0,"target_id":596,"target_slot":0,"type":"STRING"},{"id":7214,"origin_id":594,"origin_slot":0,"target_id":596,"target_slot":1,"type":"STRING"},{"id":7215,"origin_id":596,"origin_slot":0,"target_id":584,"target_slot":1,"type":"STRING"},{"id":7217,"origin_id":-10,"origin_slot":9,"target_id":593,"target_slot":0,"type":"STRING"},{"id":7219,"origin_id":-10,"origin_slot":10,"target_id":592,"target_slot":0,"type":"STRING"},{"id":7220,"origin_id":597,"origin_slot":0,"target_id":598,"target_slot":0,"type":"STRING"},{"id":7222,"origin_id":-10,"origin_slot":11,"target_id":599,"target_slot":0,"type":"STRING"},{"id":7223,"origin_id":-10,"origin_slot":12,"target_id":594,"target_slot":0,"type":"STRING"},{"id":7226,"origin_id":594,"origin_slot":0,"target_id":598,"target_slot":1,"type":"STRING"},{"id":7228,"origin_id":598,"origin_slot":0,"target_id":585,"target_slot":1,"type":"STRING"},{"id":7232,"origin_id":592,"origin_slot":0,"target_id":595,"target_slot":1,"type":"STRING"},{"id":7233,"origin_id":593,"origin_slot":0,"target_id":595,"target_slot":0,"type":"STRING"},{"id":7234,"origin_id":599,"origin_slot":0,"target_id":597,"target_slot":1,"type":"STRING"},{"id":7235,"origin_id":593,"origin_slot":0,"target_id":597,"target_slot":0,"type":"STRING"},{"id":7236,"origin_id":596,"origin_slot":0,"target_id":600,"target_slot":0,"type":"STRING"},{"id":7237,"origin_id":598,"origin_slot":0,"target_id":600,"target_slot":1,"type":"STRING"},{"id":7238,"origin_id":600,"origin_slot":0,"target_id":-20,"target_slot":1,"type":"STRING"},{"id":7240,"origin_id":-10,"origin_slot":13,"target_id":110,"target_slot":9,"type":"FLOAT"}],"extra":{"ue_links":[],"links_added_by_ue":[]}},{"id":"5df7a127-1413-4d9a-9fc4-6b0a08ee21a7","version":1,"state":{"lastGroupId":1,"lastNodeId":586,"lastLinkId":7175,"lastRerouteId":0},"revision":0,"config":{},"name":"Models","inputNode":{"id":-10,"bounding":[-695.7749618315829,-1518.0679010568995,120,40]},"outputNode":{"id":-20,"bounding":[332.2973193338688,-1497.5122426003002,120,100]},"inputs":[],"outputs":[{"id":"a1be75a1-0866-4e2c-a425-299d88f3368f","name":"MODEL","type":"MODEL","linkIds":[7173],"pos":[352.2973193338688,-1477.5122426003002]},{"id":"c721edb1-b403-47b2-ad04-388fb64ca46e","name":"CLIP","type":"CLIP","linkIds":[7174],"pos":[352.2973193338688,-1457.5122426003002]},{"id":"b88a8d13-d0f2-4465-9bd7-2e061a699169","name":"VAE","type":"VAE","linkIds":[7175],"pos":[352.2973193338688,-1437.5122426003002]}],"widgets":[],"nodes":[{"id":564,"type":"UnetLoaderGGUF","pos":[-849.0032592545765,-1534.3879391526107],"size":[313.8915710449219,58],"flags":{"collapsed":true},"order":0,"mode":4,"inputs":[{"localized_name":"unet_name","name":"unet_name","type":"COMBO","widget":{"name":"unet_name"},"link":null}],"outputs":[{"localized_name":"MODEL","name":"MODEL","type":"MODEL","links":[7111,7146]}],"properties":{"cnr_id":"comfyui-gguf","ver":"6b778afdc938427116cb72e683d28e42baf67082","Node name for S&R":"UnetLoaderGGUF","ue_properties":{"version":"7.0.1","widget_ue_connectable":{"unet_name":true}}},"widgets_values":["gguf/SRPO-Q8_0.gguf"],"color":"#432","bgcolor":"#653"},{"id":436,"type":"DualCLIPLoader","pos":[-441.73759620246307,-1368.1557799810853],"size":[464.55338403863016,130],"flags":{},"order":1,"mode":0,"inputs":[{"localized_name":"clip_name1","name":"clip_name1","type":"COMBO","widget":{"name":"clip_name1"},"link":null},{"localized_name":"clip_name2","name":"clip_name2","type":"COMBO","widget":{"name":"clip_name2"},"link":null},{"localized_name":"type","name":"type","type":"COMBO","widget":{"name":"type"},"link":null},{"localized_name":"device","name":"device","shape":7,"type":"COMBO","widget":{"name":"device"},"link":null}],"outputs":[{"label":"CLIP","localized_name":"CLIP","name":"CLIP","type":"CLIP","slot_index":0,"links":[7134,7147,7174]}],"properties":{"cnr_id":"comfy-core","ver":"0.3.57","Node name for S&R":"DualCLIPLoader","ue_properties":{"widget_ue_connectable":{},"version":"7.1","input_ue_unconnectable":{}}},"widgets_values":["t5xxl_fp8_e4m3fn.safetensors","ViT-L-14-TEXT-detail-improved-hiT-GmP-HF.safetensors","flux","default"],"color":"#432","bgcolor":"#653"},{"id":434,"type":"VAELoader","pos":[-440.80636223636935,-1180.9616858349227],"size":[464.5190238902669,58],"flags":{},"order":2,"mode":0,"inputs":[{"localized_name":"vae_name","name":"vae_name","type":"COMBO","widget":{"name":"vae_name"},"link":null}],"outputs":[{"label":"VAE","localized_name":"VAE","name":"VAE","type":"VAE","slot_index":0,"links":[7114,7175]}],"properties":{"cnr_id":"comfy-core","ver":"0.3.57","Node name for S&R":"VAELoader","ue_properties":{"widget_ue_connectable":{},"version":"7.1","input_ue_unconnectable":{}}},"widgets_values":["ae.safetensors"],"color":"#432","bgcolor":"#653"},{"id":443,"type":"UNETLoader","pos":[-439.23727081038993,-1493.8161933853398],"size":[462.1965673993627,82],"flags":{"collapsed":false},"order":3,"mode":0,"inputs":[{"localized_name":"unet_name","name":"unet_name","type":"COMBO","widget":{"name":"unet_name"},"link":null},{"localized_name":"weight_dtype","name":"weight_dtype","type":"COMBO","widget":{"name":"weight_dtype"},"link":null}],"outputs":[{"label":"MODEL","localized_name":"MODEL","name":"MODEL","type":"MODEL","slot_index":0,"links":[7173]}],"properties":{"cnr_id":"comfy-core","ver":"0.3.57","Node name for S&R":"UNETLoader","ue_properties":{"widget_ue_connectable":{},"version":"7.1","input_ue_unconnectable":{}}},"widgets_values":["flux1-dev.safetensors","fp8_e4m3fn"],"color":"#432","bgcolor":"#653"}],"groups":[],"links":[{"id":7173,"origin_id":443,"origin_slot":0,"target_id":-20,"target_slot":0,"type":"MODEL"},{"id":7174,"origin_id":436,"origin_slot":0,"target_id":-20,"target_slot":1,"type":"CLIP"},{"id":7175,"origin_id":434,"origin_slot":0,"target_id":-20,"target_slot":2,"type":"VAE"}],"extra":{"ue_links":[],"links_added_by_ue":[]}},{"id":"5233f690-be27-44b2-b5a4-c023e7dd43f4","version":1,"state":{"lastGroupId":1,"lastNodeId":592,"lastLinkId":7204,"lastRerouteId":0},"revision":0,"config":{},"name":"Masking","inputNode":{"id":-10,"bounding":[-2495.5760454088613,665.3094686833176,120,40]},"outputNode":{"id":-20,"bounding":[-930.9019110693612,645.3094686833176,121.12890625,80]},"inputs":[],"outputs":[{"id":"3ce96502-40a3-4bcb-89be-00aff8362756","name":"MASK","type":"MASK","linkIds":[7188],"localized_name":"MASK","label":"MASK 1","pos":[-910.9019110693612,665.3094686833176]},{"id":"8d2a0c70-664d-4ed0-870b-eaab2618f6c5","name":"MASK_1","type":"MASK","linkIds":[7167],"localized_name":"MASK_1","label":"INVERT MASK","pos":[-910.9019110693612,685.3094686833176]}],"widgets":[],"nodes":[{"id":581,"type":"InvertMask","pos":[-1231.692882509497,667.6976493118758],"size":[210,26],"flags":{"collapsed":false},"order":4,"mode":0,"inputs":[{"localized_name":"mask","name":"mask","type":"MASK","link":7187}],"outputs":[{"localized_name":"MASK","name":"MASK","type":"MASK","slot_index":0,"links":[7167]}],"properties":{"cnr_id":"comfy-core","ver":"0.3.10","Node name for S&R":"InvertMask","ue_properties":{"widget_ue_connectable":{},"version":"7.3","input_ue_unconnectable":{}}},"widgets_values":[],"color":"#332922","bgcolor":"#593930"},{"id":589,"type":"CreateGradientMask","pos":[-2346.367016848996,667.6976493118758],"size":[218.30554582835362,130],"flags":{},"order":0,"mode":0,"inputs":[{"localized_name":"invert","name":"invert","type":"BOOLEAN","widget":{"name":"invert"},"link":null},{"localized_name":"frames","name":"frames","type":"INT","widget":{"name":"frames"},"link":null},{"localized_name":"width","name":"width","type":"INT","widget":{"name":"width"},"link":null},{"localized_name":"height","name":"height","type":"INT","widget":{"name":"height"},"link":null}],"outputs":[{"localized_name":"MASK","name":"MASK","type":"MASK","slot_index":0,"links":[7185]}],"properties":{"cnr_id":"comfyui-kjnodes","ver":"1.0.6","Node name for S&R":"CreateGradientMask","ue_properties":{"widget_ue_connectable":{},"version":"7.3","input_ue_unconnectable":{}}},"widgets_values":[false,1,896,896],"color":"#332922","bgcolor":"#593930"},{"id":588,"type":"ThresholdMask","pos":[-2082.557470090086,667.6976493118758],"size":[210,58],"flags":{},"order":1,"mode":0,"inputs":[{"localized_name":"mask","name":"mask","type":"MASK","link":7185},{"localized_name":"value","name":"value","type":"FLOAT","widget":{"name":"value"},"link":null}],"outputs":[{"localized_name":"MASK","name":"MASK","type":"MASK","slot_index":0,"links":[7203]}],"properties":{"cnr_id":"comfy-core","ver":"0.3.10","Node name for S&R":"ThresholdMask","ue_properties":{"widget_ue_connectable":{},"version":"7.3","input_ue_unconnectable":{}}},"widgets_values":[0.5],"color":"#332922","bgcolor":"#593930"},{"id":590,"type":"BlurMaskFast","pos":[-1495.9480848591695,667.6976493118758],"size":[210,82],"flags":{},"order":3,"mode":0,"inputs":[{"localized_name":"masks","name":"masks","type":"MASK","link":7204},{"localized_name":"radius_x","name":"radius_x","type":"INT","widget":{"name":"radius_x"},"link":null},{"localized_name":"radius_y","name":"radius_y","type":"INT","widget":{"name":"radius_y"},"link":null}],"outputs":[{"localized_name":"MASK","name":"MASK","type":"MASK","slot_index":0,"links":[7187,7188]}],"properties":{"cnr_id":"ComfyUI-Image-Filters","ver":"7ba4e444f0416f5cf7ee55d56b1504dea2404ac7","Node name for S&R":"BlurMaskFast","ue_properties":{"widget_ue_connectable":{},"version":"7.3","input_ue_unconnectable":{}},"aux_id":"spacepxl/ComfyUI-Image-Filters"},"widgets_values":[32,1],"color":"#332922","bgcolor":"#593930"},{"id":592,"type":"LayerMask: MaskEdgeShrink","pos":[-1809.0845091247002,666.3793635783207],"size":[245.78229905830847,154],"flags":{},"order":2,"mode":0,"inputs":[{"localized_name":"mask","name":"mask","type":"MASK","link":7203},{"localized_name":"invert_mask","name":"invert_mask","type":"BOOLEAN","widget":{"name":"invert_mask"},"link":null},{"localized_name":"shrink_level","name":"shrink_level","type":"INT","widget":{"name":"shrink_level"},"link":null},{"localized_name":"soft","name":"soft","type":"INT","widget":{"name":"soft"},"link":null},{"localized_name":"edge_shrink","name":"edge_shrink","type":"INT","widget":{"name":"edge_shrink"},"link":null},{"localized_name":"edge_reserve","name":"edge_reserve","type":"INT","widget":{"name":"edge_reserve"},"link":null}],"outputs":[{"localized_name":"mask","name":"mask","type":"MASK","links":[7204]}],"properties":{"cnr_id":"comfyui_layerstyle","ver":"1.0.90","Node name for S&R":"LayerMask: MaskEdgeShrink","ue_properties":{"widget_ue_connectable":{},"input_ue_unconnectable":{}}},"widgets_values":[true,4,6,1,25],"color":"#332922","bgcolor":"#593930"}],"groups":[],"links":[{"id":7185,"origin_id":589,"origin_slot":0,"target_id":588,"target_slot":0,"type":"MASK"},{"id":7187,"origin_id":590,"origin_slot":0,"target_id":581,"target_slot":0,"type":"MASK"},{"id":7188,"origin_id":590,"origin_slot":0,"target_id":-20,"target_slot":0,"type":"MASK"},{"id":7167,"origin_id":581,"origin_slot":0,"target_id":-20,"target_slot":1,"type":"MASK"},{"id":7203,"origin_id":588,"origin_slot":0,"target_id":592,"target_slot":0,"type":"MASK"},{"id":7204,"origin_id":592,"origin_slot":0,"target_id":590,"target_slot":0,"type":"MASK"}],"extra":{"ue_links":[],"links_added_by_ue":[]}}]},"config":{},"extra":{"groupNodes":{},"ue_links":[],"node_versions":{"comfy-core":"0.3.10","cg-use-everywhere":"ce510b97d10e69d5fd0042e115ecd946890d2079","ComfyUI_Comfyroll_CustomNodes":"d78b780ae43fcf8c6b7c6505e6ffb4584281ceca","ComfyUI-Easy-Use":"5e0cc2ea719203e1cf1b9ee1c782bfc4c281db18","ComfyUI-KJNodes":"ba33d021982a6af737345b2e84645481a02c01fd","ComfyUI_UltimateSDUpscale":"ff3fdfeee03de46d4462211cffd165d27155e858","ComfyUI_essentials":"33ff89fd354d8ec3ab6affb605a79a931b445d99","rgthree-comfy":"5d771b8b56a343c24a26e8cea1f0c87c3d58102f"},"VHS_latentpreview":false,"VHS_latentpreviewrate":0,"links_added_by_ue":[],"frontendVersion":"1.28.8","VHS_MetadataImage":true,"VHS_KeepIntermediate":true,"ds":{"scale":0.45,"offset":[3730.9967598316903,3491.6093827160967]}},"version":0.4}