{"id":"68534963-5bcb-4ebf-a202-86ab05db4020","revision":0,"last_node_id":354,"last_link_id":668,"nodes":[{"id":332,"type":"BasicGuider","pos":[-1462.0265651773846,-2272.642665540301],"size":[270.0590018165942,46],"flags":{},"order":18,"mode":0,"inputs":[{"label":"model","localized_name":"model","name":"model","type":"MODEL","link":632},{"label":"conditioning","localized_name":"conditioning","name":"conditioning","type":"CONDITIONING","link":633}],"outputs":[{"label":"GUIDER","localized_name":"GUIDER","name":"GUIDER","type":"GUIDER","slot_index":0,"links":[635]}],"properties":{"cnr_id":"comfy-core","ver":"0.3.57","Node name for S&R":"BasicGuider","ue_properties":{"version":"7.3","widget_ue_connectable":{},"input_ue_unconnectable":{}}},"widgets_values":[],"color":"#323","bgcolor":"#535"},{"id":352,"type":"UltralyticsDetectorProvider","pos":[-1596.9455655073202,-1714.0450357066552],"size":[293.9461743637811,78],"flags":{},"order":0,"mode":0,"inputs":[{"localized_name":"model_name","name":"model_name","type":"COMBO","widget":{"name":"model_name"},"link":null}],"outputs":[{"localized_name":"BBOX_DETECTOR","name":"BBOX_DETECTOR","type":"BBOX_DETECTOR","links":[657]},{"localized_name":"SEGM_DETECTOR","name":"SEGM_DETECTOR","type":"SEGM_DETECTOR","links":[]}],"properties":{"cnr_id":"comfyui-impact-subpack","ver":"1.3.5","Node name for S&R":"UltralyticsDetectorProvider","ue_properties":{"widget_ue_connectable":{},"input_ue_unconnectable":{},"version":"7.5.2"}},"widgets_values":["bbox/face_yolov8m.pt"],"color":"#332922","bgcolor":"#593930"},{"id":247,"type":"PrimitiveNode","pos":[-2102.717136972315,-1447.5983819640312],"size":[266.57279796936245,58],"flags":{"collapsed":false},"order":1,"mode":0,"inputs":[],"outputs":[{"name":"STRING","type":"STRING","widget":{"name":"filename_prefix"},"links":[487]}],"title":"File Name","properties":{"Run widget replace on values":false,"ue_properties":{"version":"7.0.1","widget_ue_connectable":{}}},"widgets_values":["01Charl"],"color":"#232","bgcolor":"#353"},{"id":329,"type":"DualCLIPLoader","pos":[-2921.3024667191958,-2387.64284460562],"size":[368.89334575987436,130],"flags":{},"order":2,"mode":0,"inputs":[{"label":"clip_name1","localized_name":"clip_name1","name":"clip_name1","type":"COMBO","widget":{"name":"clip_name1"},"link":null},{"label":"clip_name2","localized_name":"clip_name2","name":"clip_name2","type":"COMBO","widget":{"name":"clip_name2"},"link":null},{"label":"type","localized_name":"type","name":"type","type":"COMBO","widget":{"name":"type"},"link":null},{"label":"device","localized_name":"device","name":"device","shape":7,"type":"COMBO","widget":{"name":"device"},"link":null}],"outputs":[{"label":"CLIP","localized_name":"CLIP","name":"CLIP","type":"CLIP","slot_index":0,"links":[643]}],"properties":{"cnr_id":"comfy-core","ver":"0.3.57","Node name for S&R":"DualCLIPLoader","ue_properties":{"version":"7.3","widget_ue_connectable":{},"input_ue_unconnectable":{}}},"widgets_values":["clip_l.safetensors","t5xxl_fp8_e4m3fn_scaled.safetensors","flux","default"],"color":"#432","bgcolor":"#653"},{"id":330,"type":"VAELoader","pos":[-2921.963125227053,-2219.2959843839963],"size":[370.0803713476298,58],"flags":{},"order":3,"mode":0,"inputs":[{"label":"vae_name","localized_name":"vae_name","name":"vae_name","type":"COMBO","widget":{"name":"vae_name"},"link":null}],"outputs":[{"label":"VAE","localized_name":"VAE","name":"VAE","type":"VAE","slot_index":0,"links":[640,650]}],"properties":{"cnr_id":"comfy-core","ver":"0.3.57","Node name for S&R":"VAELoader","ue_properties":{"version":"7.3","widget_ue_connectable":{},"input_ue_unconnectable":{}}},"widgets_values":["ae.sft"],"color":"#432","bgcolor":"#653"},{"id":351,"type":"ImpactDilateMaskInSEGS","pos":[-1641.0290812282888,-1846.0108117620637],"size":[210,58],"flags":{},"order":17,"mode":0,"inputs":[{"localized_name":"segs","name":"segs","type":"SEGS","link":664},{"localized_name":"dilation","name":"dilation","type":"INT","widget":{"name":"dilation"},"link":null}],"outputs":[{"localized_name":"SEGS","name":"SEGS","type":"SEGS","links":[668]}],"properties":{"cnr_id":"comfyui-impact-pack","ver":"8.28.2","Node name for S&R":"ImpactDilateMaskInSEGS","ue_properties":{"widget_ue_connectable":{},"input_ue_unconnectable":{},"version":"7.5.2"}},"widgets_values":[-30],"color":"#332922","bgcolor":"#593930"},{"id":340,"type":"KSamplerSelect","pos":[-1462.0265651773846,-2180.01564227043],"size":[270.6041060656903,58],"flags":{},"order":4,"mode":0,"inputs":[{"label":"sampler_name","localized_name":"sampler_name","name":"sampler_name","type":"COMBO","widget":{"name":"sampler_name"},"link":null}],"outputs":[{"label":"SAMPLER","localized_name":"SAMPLER","name":"SAMPLER","type":"SAMPLER","links":[636]}],"properties":{"cnr_id":"comfy-core","ver":"0.3.57","Node name for S&R":"KSamplerSelect","ue_properties":{"version":"7.3","widget_ue_connectable":{},"input_ue_unconnectable":{}}},"widgets_values":["euler"],"color":"#323","bgcolor":"#535"},{"id":201,"type":"PrimitiveInt","pos":[-2105.9983700743364,-1335.0538550764354],"size":[269.3283042409389,82],"flags":{},"order":5,"mode":0,"inputs":[{"localized_name":"value","name":"value","type":"INT","widget":{"name":"value"},"link":null}],"outputs":[{"localized_name":"INT","name":"INT","type":"INT","links":[652]}],"title":"Noise Seed","properties":{"cnr_id":"comfy-core","ver":"0.3.66","Node name for S&R":"PrimitiveInt","ue_properties":{"widget_ue_connectable":{},"input_ue_unconnectable":{},"version":"7.3"}},"widgets_values":[1018366234740324,"increment"],"color":"#232","bgcolor":"#353"},{"id":353,"type":"SegsToCombinedMask","pos":[-1403.475565860484,-1844.3730200123853],"size":[217.7505859375,26],"flags":{},"order":19,"mode":0,"inputs":[{"localized_name":"segs","name":"segs","type":"SEGS","link":668}],"outputs":[{"localized_name":"MASK","name":"MASK","type":"MASK","links":[666,667]}],"properties":{"cnr_id":"comfyui-impact-pack","ver":"8.28.2","Node name for S&R":"SegsToCombinedMask","ue_properties":{"widget_ue_connectable":{},"input_ue_unconnectable":{},"version":"7.5.2"}},"widgets_values":[],"color":"#332922","bgcolor":"#593930"},{"id":350,"type":"BboxDetectorSEGS","pos":[-2143.9106890749763,-1843.772382246649],"size":[229.355564551322,224],"flags":{},"order":12,"mode":0,"inputs":[{"localized_name":"bbox_detector","name":"bbox_detector","type":"BBOX_DETECTOR","link":657},{"localized_name":"image","name":"image","type":"IMAGE","link":658},{"localized_name":"detailer_hook","name":"detailer_hook","shape":7,"type":"DETAILER_HOOK","link":null},{"localized_name":"threshold","name":"threshold","type":"FLOAT","widget":{"name":"threshold"},"link":null},{"localized_name":"dilation","name":"dilation","type":"INT","widget":{"name":"dilation"},"link":null},{"localized_name":"crop_factor","name":"crop_factor","type":"FLOAT","widget":{"name":"crop_factor"},"link":null},{"localized_name":"drop_size","name":"drop_size","type":"INT","widget":{"name":"drop_size"},"link":null},{"localized_name":"labels","name":"labels","type":"STRING","widget":{"name":"labels"},"link":null}],"outputs":[{"localized_name":"SEGS","name":"SEGS","type":"SEGS","links":[663]}],"properties":{"cnr_id":"comfyui-impact-pack","ver":"8.28.2","Node name for S&R":"BboxDetectorSEGS","ue_properties":{"widget_ue_connectable":{},"input_ue_unconnectable":{},"version":"7.5.2"}},"widgets_values":[0.65,6,2.5,30,"all"],"color":"#332922","bgcolor":"#593930"},{"id":338,"type":"FluxGuidance","pos":[-1462.0265651773846,-2371.8420671799927],"size":[268.7532043457031,58],"flags":{},"order":16,"mode":0,"inputs":[{"label":"conditioning","localized_name":"conditioning","name":"conditioning","type":"CONDITIONING","link":645},{"label":"guidance","localized_name":"guidance","name":"guidance","type":"FLOAT","widget":{"name":"guidance"},"link":null}],"outputs":[{"label":"CONDITIONING","localized_name":"CONDITIONING","name":"CONDITIONING","type":"CONDITIONING","slot_index":0,"links":[633]}],"properties":{"cnr_id":"comfy-core","ver":"0.3.57","Node name for S&R":"FluxGuidance","ue_properties":{"version":"7.3","widget_ue_connectable":{},"input_ue_unconnectable":{}}},"widgets_values":[4],"color":"#323","bgcolor":"#535"},{"id":341,"type":"BasicScheduler","pos":[-1462.0265651773846,-2072.9907235857077],"size":[270.6822790203312,108.33662599654258],"flags":{},"order":13,"mode":0,"inputs":[{"label":"model","localized_name":"model","name":"model","type":"MODEL","link":644},{"label":"scheduler","localized_name":"scheduler","name":"scheduler","type":"COMBO","widget":{"name":"scheduler"},"link":null},{"label":"steps","localized_name":"steps","name":"steps","type":"INT","widget":{"name":"steps"},"link":null},{"label":"denoise","localized_name":"denoise","name":"denoise","type":"FLOAT","widget":{"name":"denoise"},"link":null}],"outputs":[{"label":"SIGMAS","localized_name":"SIGMAS","name":"SIGMAS","type":"SIGMAS","links":[637]}],"properties":{"cnr_id":"comfy-core","ver":"0.3.57","Node name for S&R":"BasicScheduler","ue_properties":{"version":"7.3","widget_ue_connectable":{},"input_ue_unconnectable":{}}},"widgets_values":["beta",30,0.48],"color":"#323","bgcolor":"#535"},{"id":348,"type":"VAEEncode","pos":[-2359.216131279665,-2109.3925506072515],"size":[161.6666482624646,66],"flags":{"collapsed":true},"order":11,"mode":0,"inputs":[{"localized_name":"pixels","name":"pixels","type":"IMAGE","link":655},{"localized_name":"vae","name":"vae","type":"VAE","link":650},{"link":null}],"outputs":[{"localized_name":"LATENT","name":"LATENT","type":"LATENT","links":[646]}],"properties":{"cnr_id":"comfy-core","ver":"0.3.66","Node name for S&R":"VAEEncode","ue_properties":{"widget_ue_connectable":{},"input_ue_unconnectable":{},"version":"7.5.2"}},"widgets_values":[],"color":"#432","bgcolor":"#653"},{"id":347,"type":"GrowMask","pos":[-2234.7985857696403,-2081.452799796618],"size":[210,82],"flags":{},"order":20,"mode":0,"inputs":[{"localized_name":"mask","name":"mask","type":"MASK","link":666},{"localized_name":"expand","name":"expand","type":"INT","widget":{"name":"expand"},"link":null},{"localized_name":"tapered_corners","name":"tapered_corners","type":"BOOLEAN","widget":{"name":"tapered_corners"},"link":null}],"outputs":[{"localized_name":"MASK","name":"MASK","type":"MASK","slot_index":0,"links":[648]}],"properties":{"cnr_id":"comfy-core","ver":"0.3.66","Node name for S&R":"GrowMask","ue_properties":{"widget_ue_connectable":{},"input_ue_unconnectable":{},"version":"7.3"}},"widgets_values":[8,false],"color":"#223","bgcolor":"#335"},{"id":339,"type":"SetLatentNoiseMask","pos":[-1767.5638270011796,-2129.5152347991157],"size":[215.9008461294586,50.55021896325047],"flags":{},"order":23,"mode":0,"inputs":[{"localized_name":"samples","name":"samples","type":"LATENT","link":646},{"localized_name":"mask","name":"mask","type":"MASK","link":647}],"outputs":[{"localized_name":"LATENT","name":"LATENT","type":"LATENT","slot_index":0,"links":[638]}],"properties":{"cnr_id":"comfy-core","ver":"0.3.66","Node name for S&R":"SetLatentNoiseMask","ue_properties":{"widget_ue_connectable":{},"input_ue_unconnectable":{},"version":"7.3"}},"widgets_values":[],"color":"#223","bgcolor":"#335"},{"id":335,"type":"VAEDecode","pos":[-1616.650070490235,-2187.847331580998],"size":[167.94073206223288,46],"flags":{"collapsed":true},"order":25,"mode":0,"inputs":[{"label":"samples","localized_name":"samples","name":"samples","type":"LATENT","link":639},{"label":"vae","localized_name":"vae","name":"vae","type":"VAE","link":640}],"outputs":[{"label":"IMAGE","localized_name":"IMAGE","name":"IMAGE","type":"IMAGE","slot_index":0,"links":[641,653]}],"properties":{"cnr_id":"comfy-core","ver":"0.3.57","Node name for S&R":"VAEDecode","ue_properties":{"version":"7.3","widget_ue_connectable":{},"input_ue_unconnectable":{}}},"widgets_values":[],"color":"#432","bgcolor":"#653"},{"id":346,"type":"FeatherMask","pos":[-2008.6479250249513,-2078.140215738216],"size":[210,130],"flags":{},"order":22,"mode":0,"inputs":[{"localized_name":"mask","name":"mask","type":"MASK","link":648},{"localized_name":"left","name":"left","type":"INT","widget":{"name":"left"},"link":null},{"localized_name":"top","name":"top","type":"INT","widget":{"name":"top"},"link":null},{"localized_name":"right","name":"right","type":"INT","widget":{"name":"right"},"link":null},{"localized_name":"bottom","name":"bottom","type":"INT","widget":{"name":"bottom"},"link":null}],"outputs":[{"localized_name":"MASK","name":"MASK","type":"MASK","links":[647]}],"properties":{"cnr_id":"comfy-core","ver":"0.8.2","Node name for S&R":"FeatherMask","ue_properties":{"widget_ue_connectable":{},"input_ue_unconnectable":{},"version":"7.5.2"}},"widgets_values":[4,4,4,4],"color":"#223","bgcolor":"#335"},{"id":331,"type":"RandomNoise","pos":[-1462.0265651773846,-2500.9099129545125],"size":[269.1920619153343,82],"flags":{},"order":9,"mode":0,"inputs":[{"label":"noise_seed","localized_name":"noise_seed","name":"noise_seed","type":"INT","widget":{"name":"noise_seed"},"link":652}],"outputs":[{"label":"NOISE","localized_name":"NOISE","name":"NOISE","type":"NOISE","links":[634]}],"properties":{"cnr_id":"comfy-core","ver":"0.3.57","Node name for S&R":"RandomNoise","ue_properties":{"version":"7.3","widget_ue_connectable":{},"input_ue_unconnectable":{}}},"widgets_values":[61998485097205,"fixed"],"color":"#323","bgcolor":"#535"},{"id":333,"type":"UNETLoader","pos":[-2922.293476658172,-2509.149372049914],"size":[370.54492549794304,82],"flags":{},"order":6,"mode":0,"inputs":[{"label":"unet_name","localized_name":"unet_name","name":"unet_name","type":"COMBO","widget":{"name":"unet_name"},"link":null},{"label":"weight_dtype","localized_name":"weight_dtype","name":"weight_dtype","type":"COMBO","widget":{"name":"weight_dtype"},"link":null}],"outputs":[{"label":"MODEL","localized_name":"MODEL","name":"MODEL","type":"MODEL","slot_index":0,"links":[642]}],"properties":{"cnr_id":"comfy-core","ver":"0.3.57","Node name for S&R":"UNETLoader","ue_properties":{"version":"7.3","widget_ue_connectable":{},"input_ue_unconnectable":{}}},"widgets_values":["SRPO/SRPO-fp8_e4m3fn.safetensors","default"],"color":"#432","bgcolor":"#653"},{"id":334,"type":"SamplerCustomAdvanced","pos":[-1150.385099015932,-2217.244988499282],"size":[219.26144942449196,172.04752533997407],"flags":{},"order":24,"mode":0,"inputs":[{"label":"noise","localized_name":"noise","name":"noise","type":"NOISE","link":634},{"label":"guider","localized_name":"guider","name":"guider","type":"GUIDER","link":635},{"label":"sampler","localized_name":"sampler","name":"sampler","type":"SAMPLER","link":636},{"label":"sigmas","localized_name":"sigmas","name":"sigmas","type":"SIGMAS","link":637},{"label":"latent_image","localized_name":"latent_image","name":"latent_image","type":"LATENT","link":638}],"outputs":[{"label":"output","localized_name":"output","name":"output","type":"LATENT","slot_index":0,"links":[639]},{"label":"denoised_output","localized_name":"denoised_output","name":"denoised_output","type":"LATENT","slot_index":1,"links":[]}],"properties":{"cnr_id":"comfy-core","ver":"0.3.57","Node name for S&R":"SamplerCustomAdvanced","ue_properties":{"version":"7.3","widget_ue_connectable":{},"input_ue_unconnectable":{}}},"widgets_values":[],"color":"#2a363b","bgcolor":"#3f5159"},{"id":336,"type":"easy cleanGpuUsed","pos":[-1146.6090739399144,-1991.3154883704879],"size":[211.55775451660156,26],"flags":{"collapsed":false},"order":26,"mode":0,"inputs":[{"localized_name":"anything","name":"anything","type":"*","link":641}],"outputs":[{"localized_name":"output","name":"output","type":"*","links":[]}],"properties":{"cnr_id":"comfyui-easy-use","ver":"1.3.0","Node name for S&R":"easy cleanGpuUsed","ue_properties":{"version":"7.0.1","widget_ue_connectable":{}}},"widgets_values":[],"color":"#222","bgcolor":"#000"},{"id":202,"type":"LoadImage","pos":[-2817.419395212925,-1828.1542398742165],"size":[522.3458233779133,762.546001075807],"flags":{"collapsed":false},"order":7,"mode":0,"inputs":[{"localized_name":"image","name":"image","type":"COMBO","widget":{"name":"image"},"link":null},{"localized_name":"choose file to upload","name":"upload","type":"IMAGEUPLOAD","widget":{"name":"upload"},"link":null}],"outputs":[{"localized_name":"IMAGE","name":"IMAGE","type":"IMAGE","links":[615,655,658]},{"localized_name":"MASK","name":"MASK","type":"MASK","links":null}],"properties":{"cnr_id":"comfy-core","ver":"0.3.66","Node name for S&R":"LoadImage","ue_properties":{"widget_ue_connectable":{},"input_ue_unconnectable":{},"version":"7.3"}},"widgets_values":["01Charl_0010.png","image"],"color":"#223","bgcolor":"#335"},{"id":199,"type":"Image Save","pos":[-879.6003612210426,-3110.5787412218424],"size":[742.910462753108,1378.2215433078093],"flags":{"collapsed":false},"order":27,"mode":0,"inputs":[{"localized_name":"images","name":"images","type":"IMAGE","link":653},{"localized_name":"output_path","name":"output_path","type":"STRING","widget":{"name":"output_path"},"link":null},{"localized_name":"filename_prefix","name":"filename_prefix","type":"STRING","widget":{"name":"filename_prefix"},"link":487},{"localized_name":"filename_delimiter","name":"filename_delimiter","type":"STRING","widget":{"name":"filename_delimiter"},"link":null},{"localized_name":"filename_number_padding","name":"filename_number_padding","type":"INT","widget":{"name":"filename_number_padding"},"link":null},{"localized_name":"filename_number_start","name":"filename_number_start","type":"COMBO","widget":{"name":"filename_number_start"},"link":null},{"localized_name":"extension","name":"extension","type":"COMBO","widget":{"name":"extension"},"link":null},{"localized_name":"dpi","name":"dpi","type":"INT","widget":{"name":"dpi"},"link":null},{"localized_name":"quality","name":"quality","type":"INT","widget":{"name":"quality"},"link":null},{"localized_name":"optimize_image","name":"optimize_image","type":"COMBO","widget":{"name":"optimize_image"},"link":null},{"localized_name":"lossless_webp","name":"lossless_webp","type":"COMBO","widget":{"name":"lossless_webp"},"link":null},{"localized_name":"overwrite_mode","name":"overwrite_mode","type":"COMBO","widget":{"name":"overwrite_mode"},"link":null},{"localized_name":"show_history","name":"show_history","type":"COMBO","widget":{"name":"show_history"},"link":null},{"localized_name":"show_history_by_prefix","name":"show_history_by_prefix","type":"COMBO","widget":{"name":"show_history_by_prefix"},"link":null},{"localized_name":"embed_workflow","name":"embed_workflow","type":"COMBO","widget":{"name":"embed_workflow"},"link":null},{"localized_name":"show_previews","name":"show_previews","type":"COMBO","widget":{"name":"show_previews"},"link":null}],"outputs":[{"localized_name":"images","name":"images","type":"IMAGE","links":[]},{"localized_name":"files","name":"files","type":"STRING","links":null}],"properties":{"cnr_id":"was-node-suite-comfyui","ver":"1.0.2","Node name for S&R":"Image Save","ue_properties":{"version":"7.0.1","widget_ue_connectable":{"filename_prefix":true}}},"widgets_values":["[time(%Y-%m-%d)]","01Charl","_",4,"false","png",300,100,"true","false","false","false","true","true","true"],"color":"#223","bgcolor":"#335"},{"id":354,"type":"Note","pos":[-1578.3513627605284,-1548.8116780469436],"size":[233.953239452057,188.95537334493292],"flags":{},"order":8,"mode":0,"inputs":[],"outputs":[],"properties":{"ue_properties":{"widget_ue_connectable":{},"version":"7.5.2","input_ue_unconnectable":{}}},"widgets_values":["moimeme4\n\nfxrobyn\n\nrobyngirl"],"color":"#432","bgcolor":"#653"},{"id":313,"type":"MaskPreview","pos":[-1253.530546236487,-1719.5673185955652],"size":[300.8677488841572,342.15311466402466],"flags":{},"order":21,"mode":0,"inputs":[{"localized_name":"mask","name":"mask","type":"MASK","link":667}],"outputs":[],"properties":{"cnr_id":"comfy-core","ver":"0.8.2","Node name for S&R":"MaskPreview","ue_properties":{"widget_ue_connectable":{},"input_ue_unconnectable":{},"version":"7.5.2"}},"widgets_values":[],"color":"#332922","bgcolor":"#593930"},{"id":323,"type":"ImpactSEGSPicker","pos":[-1879.8172229271522,-1845.5873198190868],"size":[210,132],"flags":{},"order":15,"mode":0,"inputs":[{"localized_name":"segs","name":"segs","type":"SEGS","link":663},{"localized_name":"fallback_image_opt","name":"fallback_image_opt","shape":7,"type":"IMAGE","link":615},{"localized_name":"picks","name":"picks","type":"STRING","widget":{"name":"picks"},"link":null}],"outputs":[{"localized_name":"SEGS","name":"SEGS","type":"SEGS","links":[664]}],"properties":{"cnr_id":"comfyui-impact-pack","ver":"8.28.2","Node name for S&R":"ImpactSEGSPicker","ue_properties":{"widget_ue_connectable":{},"input_ue_unconnectable":{},"version":"7.5.2"}},"widgets_values":["1","image"],"color":"#332922","bgcolor":"#593930"},{"id":345,"type":"CLIPTextEncode","pos":[-2107.014244474702,-2508.471840287375],"size":[463.03451261949976,332.18318019828007],"flags":{"collapsed":false},"order":14,"mode":0,"inputs":[{"label":"clip","localized_name":"clip","name":"clip","type":"CLIP","link":651},{"label":"text","localized_name":"text","name":"text","type":"STRING","widget":{"name":"text"},"link":null}],"outputs":[{"label":"CONDITIONING","localized_name":"CONDITIONING","name":"CONDITIONING","type":"CONDITIONING","slot_index":0,"links":[645]}],"properties":{"cnr_id":"comfy-core","ver":"0.3.57","Node name for S&R":"CLIPTextEncode","ue_properties":{"version":"7.3","widget_ue_connectable":{"text":true},"input_ue_unconnectable":{}}},"widgets_values":["celestesh\n\nDocumentary-style candid mid-shot photo of a young petite pretty woman with brown hair styled in an updo, wearing a deep indigo navy linen ankle-length dress with a wide square neckline, fitted bodice with visible princess seams, sharply defined applique-style inverted-triangle front waist panel pointing downward shaping the top edge of the skirt. \nThe front waist of the dress is a pointed V-shaped basque panel.\n\n\nrealistic fabric texture, gathered skirt from the waist with soft vertical folds, long sleeves pushed up to three-quarter length, white linen chemise underneath with gathered neckline visible at the edge of the square neckline, ruffled edge visible at neckline, chemise cuffs visible at wrists, natural daylight, neutral modern interior, shallow depth of field, accurate garment construction, no decorative trim, no lace, no embroidery.\n\nStanding at a table writing in a ledger in a seamtress atelier with tables and sewing machines on them. A taller beautiful young woman in a business blazer and blouse and skirt with light brown hair stands behand her with a hand on the petite womans' shoulder.\n\n\n\n\n"],"color":"#232","bgcolor":"#353"},{"id":344,"type":"LoraLoader","pos":[-2515.523489417333,-2509.287867385596],"size":[368.84204945537726,126],"flags":{},"order":10,"mode":0,"inputs":[{"label":"model","localized_name":"model","name":"model","type":"MODEL","link":642},{"label":"clip","localized_name":"clip","name":"clip","type":"CLIP","link":643},{"label":"lora_name","localized_name":"lora_name","name":"lora_name","type":"COMBO","widget":{"name":"lora_name"},"link":null},{"label":"strength_model","localized_name":"strength_model","name":"strength_model","type":"FLOAT","widget":{"name":"strength_model"},"link":null},{"label":"strength_clip","localized_name":"strength_clip","name":"strength_clip","type":"FLOAT","widget":{"name":"strength_clip"},"link":null}],"outputs":[{"label":"MODEL","localized_name":"MODEL","name":"MODEL","type":"MODEL","slot_index":0,"links":[632,644]},{"label":"CLIP","localized_name":"CLIP","name":"CLIP","type":"CLIP","slot_index":1,"links":[651]}],"properties":{"cnr_id":"comfy-core","ver":"0.3.57","Node name for S&R":"LoraLoader","ue_properties":{"version":"7.3","widget_ue_connectable":{},"input_ue_unconnectable":{}}},"widgets_values":["celestesh-12.safetensors",1,0.4],"color":"#232","bgcolor":"#353"}],"links":[[487,247,0,199,2,"STRING"],[615,202,0,323,1,"IMAGE"],[632,344,0,332,0,"MODEL"],[633,338,0,332,1,"CONDITIONING"],[634,331,0,334,0,"NOISE"],[635,332,0,334,1,"GUIDER"],[636,340,0,334,2,"SAMPLER"],[637,341,0,334,3,"SIGMAS"],[638,339,0,334,4,"LATENT"],[639,334,0,335,0,"LATENT"],[640,330,0,335,1,"VAE"],[641,335,0,336,0,"IMAGE"],[642,333,0,344,0,"MODEL"],[643,329,0,344,1,"CLIP"],[644,344,0,341,0,"MODEL"],[645,345,0,338,0,"CONDITIONING"],[646,348,0,339,0,"LATENT"],[647,346,0,339,1,"MASK"],[648,347,0,346,0,"MASK"],[650,330,0,348,1,"VAE"],[651,344,1,345,0,"CLIP"],[652,201,0,331,0,"INT"],[653,335,0,199,0,"IMAGE"],[655,202,0,348,0,"IMAGE"],[657,352,0,350,0,"BBOX_DETECTOR"],[658,202,0,350,1,"IMAGE"],[663,350,0,323,0,"SEGS"],[664,323,0,351,0,"SEGS"],[666,353,0,347,0,"MASK"],[667,353,0,313,0,"MASK"],[668,351,0,353,0,"SEGS"]],"groups":[{"id":1,"title":"Queue","bounding":[-2932.1343375879906,-2596.0248430817364,2850.5055990767046,662.3863873181604],"color":"#3f789e","font_size":24,"flags":{}}],"config":{},"extra":{"links_added_by_ue":[],"ue_links":[],"0246.VERSION":[0,0,4],"frontendVersion":"1.35.9","groupNodes":{},"VHS_latentpreview":false,"VHS_latentpreviewrate":0,"VHS_MetadataImage":true,"VHS_KeepIntermediate":true,"workflowRendererVersion":"LG","ds":{"scale":0.45,"offset":[5799.789258194751,4384.671663756097]}},"version":0.4}